Field,Value
ID,59875a52-2e1c-4614-b331-6c18d1625ea3
Filename,61fbee3a-01dd-4476-a588-1021f474cd5f.csv
Status,finalized
title,hs
category,Data Sheet
summary,"Field,Value
ID,61fbee3a-01dd-4476-a588-1021f474cd5f
Filename,8887c314-506d-41b3-9337-9fb46983414e. Revenue trends show upward trajectory across all segments."
keywords,"[""intelligence"", ""summary"", ""derived"", ""from"", ""field"", ""value"", ""id"", ""61fbee3a-01dd-4476-a588-1021f474cd5f"", ""filename"", ""8887c314-506d-41b3-9337-9fb46983414e.json"", ""status"", ""completed""]"
